StoreID,StoreName,City,Country,Channel
STORE0001,Vienna Surf,Vienna,Austria,Physical
STORE0002,Košice Surf,Košice,Slovakia,Physical
STORE0003,Cagliari Surf,Cagliari,Italy,Physical
STORE0004,Parnu Surf,Parnu,Estonia,Physical
STORE0005,Athens Surf,Athens,Greece,Physical
STORE0006,Szeged Surf,Szeged,Hungary,Physical
STORE0007,Bergen Surf,Bergen,Norway,Physical
STORE0008,Basel Surf,Basel,Switzerland,Physical
STORE0009,Ljubljana Surf,Ljubljana,Slovenia,Physical
STORE0010,Aalborg Surf,Aalborg,Denmark,Physical
STORE0011,Burgas Surf,Burgas,Bulgaria,Physical
STORE0012,Zurich Surf,Zurich,Switzerland,Physical
STORE0013,Bratislava Surf,Bratislava,Slovakia,Physical
STORE0014,Sofia Surf,Sofia,Bulgaria,Physical
STORE0015,Prague Surf,Prague,Czechia,Physical
STORE0016,Athens Surf,Athens,Greece,Physical
STORE0017,Akureyri Surf,Akureyri,Iceland,Physical
STORE0018,Cork Surf,Cork,Ireland,Physical
STORE0019,Szeged Surf,Szeged,Hungary,Physical
STORE0020,Prague Surf,Prague,Czechia,Physical
STORE0021,Bratislava Surf,Bratislava,Slovakia,Physical
STORE0022,Parnu Surf,Parnu,Estonia,Physical
STORE0023,Turku Surf,Turku,Finland,Physical
STORE0024,Oslo Surf,Oslo,Norway,Physical
STORE0025,Gothenburg Surf,Gothenburg,Sweden,Physical
STORE0026,Warsaw Surf,Warsaw,Poland,Physical
STORE0027,Split Surf,Split,Croatia,Physical
STORE0028,Akureyri Surf,Akureyri,Iceland,Physical
STORE0029,Amsterdam Surf,Amsterdam,Netherlands,Physical
STORE0030,Galway Surf,Galway,Ireland,Physical
STORE0031,Amsterdam Surf,Amsterdam,Netherlands,Physical
STORE0032,Akureyri Surf,Akureyri,Iceland,Physical
STORE0033,Akureyri Surf,Akureyri,Iceland,Physical
STORE0034,Parnu Surf,Parnu,Estonia,Physical
STORE0035,Ljubljana Surf,Ljubljana,Slovenia,Physical
STORE0036,Malmö Surf,Malmö,Sweden,Physical
STORE0037,Ljubljana Surf,Ljubljana,Slovenia,Physical
STORE0038,Rotterdam Surf,Rotterdam,Netherlands,Physical
STORE0039,Oslo Surf,Oslo,Norway,Physical
STORE0040,Genoa Surf,Genoa,Italy,Physical
STORE0041,Graz Surf,Graz,Austria,Physical
STORE0042,Klaipeda Surf,Klaipeda,Lithuania,Physical
STORE0043,Antwerp Surf,Antwerp,Belgium,Physical
STORE0044,Koper Surf,Koper,Slovenia,Physical
STORE0045,Malmö Surf,Malmö,Sweden,Physical
STORE0046,Burgas Surf,Burgas,Bulgaria,Physical
STORE0047,Reykjavik Surf,Reykjavik,Iceland,Physical
STORE0048,Constanţa Surf,Constanţa,Romania,Physical
STORE0049,Stockholm Surf,Stockholm,Sweden,Physical
STORE0050,Zagreb Surf,Zagreb,Croatia,Physical
STORE0051,Biarritz Surf,Biarritz,France,Physical
STORE0052,Klaipeda Surf,Klaipeda,Lithuania,Physical
STORE0053,Bristol Surf,Bristol,United Kingdom,Physical
STORE0054,Prague Surf,Prague,Czechia,Physical
STORE0055,Oslo Surf,Oslo,Norway,Physical
STORE0056,Bordeaux Surf,Bordeaux,France,Physical
STORE0057,Liepaja Surf,Liepaja,Latvia,Physical
STORE0058,The Hague Surf,The Hague,Netherlands,Physical
STORE0059,Brno Surf,Brno,Czechia,Physical
STORE0060,Graz Surf,Graz,Austria,Physical
STORE0061,Gdynia Surf,Gdynia,Poland,Physical
STORE0062,Gdansk Surf,Gdansk,Poland,Physical
STORE0063,Klaipeda Surf,Klaipeda,Lithuania,Physical
STORE0064,Aarhus Surf,Aarhus,Denmark,Physical
STORE0065,Brussels Surf,Brussels,Belgium,Physical
STORE0066,Zagreb Surf,Zagreb,Croatia,Physical
STORE0067,Košice Surf,Košice,Slovakia,Physical
STORE0068,Zurich Surf,Zurich,Switzerland,Physical
STORE0069,Vienna Surf,Vienna,Austria,Physical
STORE0070,Cagliari Surf,Cagliari,Italy,Physical
STORE0071,Faro Surf,Faro,Portugal,Physical
STORE0072,Reykjavik Surf,Reykjavik,Iceland,Physical
STORE0073,Gothenburg Surf,Gothenburg,Sweden,Physical
STORE0074,Tallinn Surf,Tallinn,Estonia,Physical
STORE0075,Zagreb Surf,Zagreb,Croatia,Physical
STORE0076,Thessaloniki Surf,Thessaloniki,Greece,Physical
STORE0077,Bratislava Surf,Bratislava,Slovakia,Physical
STORE0078,Berlin Surf,Berlin,Germany,Physical
STORE0079,Galway Surf,Galway,Ireland,Physical
STORE0080,Barcelona Surf,Barcelona,Spain,Physical
STORE0081,Budapest Surf,Budapest,Hungary,Physical
STORE0082,Zurich Surf,Zurich,Switzerland,Physical
STORE0083,Rotterdam Surf,Rotterdam,Netherlands,Physical
STORE0084,Zagreb Surf,Zagreb,Croatia,Physical
STORE0085,Porto Surf,Porto,Portugal,Physical
STORE0086,Bordeaux Surf,Bordeaux,France,Physical
STORE0087,Ljubljana Surf,Ljubljana,Slovenia,Physical
STOREONLINE,Jellyshark Online EU,Online,EU,Online
