ProductID,ProductName,Category,Brand
PROD0001,Halo Fins & Leashe,Fins & Leashes,Jellyshark
PROD0002,Breeze Wetsuit,Wetsuits,Jellyshark
PROD0003,Breeze T-Shirt,T-Shirts,Jellyshark
PROD0004,Voyager Hat,Hats,Jellyshark
PROD0005,Reef Boardshort,Boardshorts,Jellyshark
PROD0006,Pulse Hoodie,Hoodies,Jellyshark
PROD0007,Reef Surfboard,Surfboards,Jellyshark
PROD0008,Apex Rash Guard,Rash Guards,Jellyshark
PROD0009,Voyager Accessorie,Accessories,Jellyshark
PROD0010,Apex Fins & Leashe,Fins & Leashes,Jellyshark
PROD0011,Apex Footwear,Footwear,Jellyshark
PROD0012,Reef Rash Guard,Rash Guards,Jellyshark
PROD0013,Apex Accessorie,Accessories,Jellyshark
PROD0014,Halo Rash Guard,Rash Guards,Jellyshark
PROD0015,Reef Wetsuit,Wetsuits,Jellyshark
PROD0016,Classic Wetsuit,Wetsuits,Jellyshark
PROD0017,Tide Rash Guard,Rash Guards,Jellyshark
PROD0018,Drift Accessorie,Accessories,Jellyshark
PROD0019,Voyager Surfboard,Surfboards,Jellyshark
PROD0020,Storm Surfboard,Surfboards,Jellyshark
PROD0021,Drift Footwear,Footwear,Jellyshark
PROD0022,Pulse Footwear,Footwear,Jellyshark
PROD0023,Halo Hoodie,Hoodies,Jellyshark
PROD0024,Drift Footwear,Footwear,Jellyshark
PROD0025,Drift Boardshort,Boardshorts,Jellyshark
PROD0026,Tide Wetsuit,Wetsuits,Jellyshark
PROD0027,Reef T-Shirt,T-Shirts,Jellyshark
PROD0028,Voyager T-Shirt,T-Shirts,Jellyshark
PROD0029,Reef Rash Guard,Rash Guards,Jellyshark
PROD0030,Apex Rash Guard,Rash Guards,Jellyshark
PROD0031,Drift Rash Guard,Rash Guards,Jellyshark
PROD0032,Voyager Fins & Leashe,Fins & Leashes,Jellyshark
PROD0033,Apex Wetsuit,Wetsuits,Jellyshark
PROD0034,Drift T-Shirt,T-Shirts,Jellyshark
PROD0035,Halo Rash Guard,Rash Guards,Jellyshark
PROD0036,Tide Hat,Hats,Jellyshark
PROD0037,Apex Fins & Leashe,Fins & Leashes,Jellyshark
PROD0038,Classic Accessorie,Accessories,Jellyshark
PROD0039,Reef Hoodie,Hoodies,Jellyshark
PROD0040,Tide T-Shirt,T-Shirts,Jellyshark
PROD0041,Reef Rash Guard,Rash Guards,Jellyshark
PROD0042,Tide Rash Guard,Rash Guards,Jellyshark
PROD0043,Classic Boardshort,Boardshorts,Jellyshark
PROD0044,Voyager Hoodie,Hoodies,Jellyshark
PROD0045,Apex Boardshort,Boardshorts,Jellyshark
PROD0046,Reef Footwear,Footwear,Jellyshark
PROD0047,Halo Hoodie,Hoodies,Jellyshark
PROD0048,Drift Hat,Hats,Jellyshark
PROD0049,Edge Wetsuit,Wetsuits,Jellyshark
PROD0050,Pulse Hat,Hats,Jellyshark
PROD0051,Drift Wetsuit,Wetsuits,Jellyshark
PROD0052,Tide Footwear,Footwear,Jellyshark
PROD0053,Pulse Accessorie,Accessories,Jellyshark
PROD0054,Drift Surfboard,Surfboards,Jellyshark
PROD0055,Reef Hoodie,Hoodies,Jellyshark
PROD0056,Storm Accessorie,Accessories,Jellyshark
PROD0057,Halo T-Shirt,T-Shirts,Jellyshark
PROD0058,Breeze Hat,Hats,Jellyshark
PROD0059,Pulse Footwear,Footwear,Jellyshark
PROD0060,Apex T-Shirt,T-Shirts,Jellyshark
PROD0061,Classic Hoodie,Hoodies,Jellyshark
PROD0062,Apex Wetsuit,Wetsuits,Jellyshark
PROD0063,Drift Surfboard,Surfboards,Jellyshark
PROD0064,Drift Accessorie,Accessories,Jellyshark
PROD0065,Halo Rash Guard,Rash Guards,Jellyshark
PROD0066,Edge Fins & Leashe,Fins & Leashes,Jellyshark
PROD0067,Voyager Hoodie,Hoodies,Jellyshark
PROD0068,Voyager Accessorie,Accessories,Jellyshark
PROD0069,Tide Fins & Leashe,Fins & Leashes,Jellyshark
PROD0070,Pulse Boardshort,Boardshorts,Jellyshark
PROD0071,Voyager Accessorie,Accessories,Jellyshark
PROD0072,Breeze T-Shirt,T-Shirts,Jellyshark
PROD0073,Coast Boardshort,Boardshorts,Jellyshark
PROD0074,Halo Wetsuit,Wetsuits,Jellyshark
PROD0075,Coast Footwear,Footwear,Jellyshark
PROD0076,Halo Accessorie,Accessories,Jellyshark
PROD0077,Edge Boardshort,Boardshorts,Jellyshark
PROD0078,Tide Surfboard,Surfboards,Jellyshark
PROD0079,Classic Surfboard,Surfboards,Jellyshark
PROD0080,Storm T-Shirt,T-Shirts,Jellyshark
PROD0081,Drift T-Shirt,T-Shirts,Jellyshark
PROD0082,Classic Hoodie,Hoodies,Jellyshark
PROD0083,Edge Accessorie,Accessories,Jellyshark
PROD0084,Apex Hoodie,Hoodies,Jellyshark
PROD0085,Classic Wetsuit,Wetsuits,Jellyshark
PROD0086,Storm Accessorie,Accessories,Jellyshark
PROD0087,Storm Hoodie,Hoodies,Jellyshark
PROD0088,Reef Wetsuit,Wetsuits,Jellyshark
PROD0089,Voyager Surfboard,Surfboards,Jellyshark
PROD0090,Apex Hat,Hats,Jellyshark
PROD0091,Apex Wetsuit,Wetsuits,Jellyshark
PROD0092,Storm Hat,Hats,Jellyshark
PROD0093,Halo Footwear,Footwear,Jellyshark
PROD0094,Voyager Hoodie,Hoodies,Jellyshark
PROD0095,Voyager Hat,Hats,Jellyshark
PROD0096,Storm Wetsuit,Wetsuits,Jellyshark
PROD0097,Coast Wetsuit,Wetsuits,Jellyshark
PROD0098,Breeze Boardshort,Boardshorts,Jellyshark
PROD0099,Pulse T-Shirt,T-Shirts,Jellyshark
PROD0100,Apex Fins & Leashe,Fins & Leashes,Jellyshark
PROD0101,Halo T-Shirt,T-Shirts,Jellyshark
PROD0102,Reef Boardshort,Boardshorts,Jellyshark
PROD0103,Tide Hat,Hats,Jellyshark
PROD0104,Classic Rash Guard,Rash Guards,Jellyshark
PROD0105,Classic Fins & Leashe,Fins & Leashes,Jellyshark
PROD0106,Pulse T-Shirt,T-Shirts,Jellyshark
PROD0107,Classic Accessorie,Accessories,Jellyshark
PROD0108,Classic Footwear,Footwear,Jellyshark
PROD0109,Classic Wetsuit,Wetsuits,Jellyshark
PROD0110,Storm Surfboard,Surfboards,Jellyshark
PROD0111,Storm Fins & Leashe,Fins & Leashes,Jellyshark
PROD0112,Voyager Rash Guard,Rash Guards,Jellyshark
PROD0113,Classic T-Shirt,T-Shirts,Jellyshark
PROD0114,Pulse T-Shirt,T-Shirts,Jellyshark
PROD0115,Reef Boardshort,Boardshorts,Jellyshark
PROD0116,Pulse Surfboard,Surfboards,Jellyshark
PROD0117,Storm Rash Guard,Rash Guards,Jellyshark
PROD0118,Drift Rash Guard,Rash Guards,Jellyshark
PROD0119,Coast T-Shirt,T-Shirts,Jellyshark
PROD0120,Pulse Hat,Hats,Jellyshark
