SKU,ProductID,Color,Size,ListPrice,ActiveFlag
SKU000001,PROD0001,Ocean Blue,OS,48.96,True
SKU000002,PROD0001,Charcoal,OS,46.3,True
SKU000003,PROD0001,Aqua,OS,24.39,True
SKU000004,PROD0001,Black,OS,21.2,True
SKU000005,PROD0001,Ocean Blue,OS,48.12,True
SKU000006,PROD0001,Ocean Blue,OS,41.97,True
SKU000007,PROD0001,Olive,OS,32.18,True
SKU000008,PROD0001,Olive,OS,61.4,True
SKU000009,PROD0001,Teal,OS,48.49,True
SKU000010,PROD0001,Olive,OS,48.91,True
SKU000011,PROD0002,Coral,MT,179.08,True
SKU000012,PROD0002,Navy,M,256.6,True
SKU000013,PROD0002,Black,S,220.6,True
SKU000014,PROD0003,Sand,XXL,37.48,True
SKU000015,PROD0003,Teal,XL,26.22,True
SKU000016,PROD0003,Olive,XL,33.73,True
SKU000017,PROD0003,Sand,M,16.23,True
SKU000018,PROD0003,Aqua,XL,37.41,True
SKU000019,PROD0003,Coral,XXL,32.13,True
SKU000020,PROD0003,Teal,XL,37.32,True
SKU000021,PROD0003,Sand,XS,37.06,True
SKU000022,PROD0003,Navy,S,16.56,True
SKU000023,PROD0004,Olive,OS,25.89,True
SKU000024,PROD0004,Olive,OS,43.33,True
SKU000025,PROD0004,Sunset,OS,19.8,True
SKU000026,PROD0004,White,OS,25.9,True
SKU000027,PROD0004,Ocean Blue,OS,30.16,True
SKU000028,PROD0005,Sand,28,74.56,True
SKU000029,PROD0005,Coral,30,36.47,True
SKU000030,PROD0005,Charcoal,36,37.56,True
SKU000031,PROD0005,Sunset,36,35.94,True
SKU000032,PROD0005,White,36,68.82,True
SKU000033,PROD0005,Coral,34,60.74,True
SKU000034,PROD0005,Teal,28,58.29,True
SKU000035,PROD0005,Teal,34,59.45,True
SKU000036,PROD0005,Sand,34,61.51,True
SKU000037,PROD0005,Navy,38,80.87,True
SKU000038,PROD0005,Charcoal,32,79.44,True
SKU000039,PROD0006,Olive,S,59.27,True
SKU000040,PROD0006,Coral,L,65.08,True
SKU000041,PROD0006,Teal,M,84.36,True
SKU000042,PROD0006,Aqua,M,60.27,True
SKU000043,PROD0006,Olive,XXL,53.52,True
SKU000044,PROD0006,Ocean Blue,M,63.1,True
SKU000045,PROD0007,Sand,8'0,475.7,True
SKU000046,PROD0007,Sand,7'0,430.76,True
SKU000047,PROD0007,Aqua,6'2,762.9,True
SKU000048,PROD0007,Navy,5'10,653.13,True
SKU000049,PROD0007,Olive,7'0,518.74,True
SKU000050,PROD0008,Sand,M,58.26,True
SKU000051,PROD0008,Olive,M,58.77,True
SKU000052,PROD0008,Sunset,L,48.42,True
SKU000053,PROD0008,Navy,XS,38.09,True
SKU000054,PROD0008,Aqua,S,59.88,True
SKU000055,PROD0008,White,XL,31.66,True
SKU000056,PROD0008,Ocean Blue,M,47.49,True
SKU000057,PROD0008,Charcoal,S,57.78,True
SKU000058,PROD0008,Sand,S,29.32,True
SKU000059,PROD0009,Olive,OS,9.41,True
SKU000060,PROD0009,Coral,OS,31.49,True
SKU000061,PROD0010,Teal,OS,26.55,True
SKU000062,PROD0010,Ocean Blue,OS,60.49,True
SKU000063,PROD0011,Navy,EU41,65.93,True
SKU000064,PROD0011,Ocean Blue,EU44,60.02,True
SKU000065,PROD0012,Coral,L,27.3,True
SKU000066,PROD0012,Coral,S,41.23,True
SKU000067,PROD0012,Coral,S,55.43,True
SKU000068,PROD0012,Charcoal,S,48.7,True
SKU000069,PROD0012,Charcoal,S,26.77,True
SKU000070,PROD0012,Navy,S,31.61,True
SKU000071,PROD0012,Ocean Blue,XL,47.76,True
SKU000072,PROD0012,Sand,XL,37.98,True
SKU000073,PROD0012,Olive,S,32.52,True
SKU000074,PROD0012,Aqua,L,35.21,True
SKU000075,PROD0013,Olive,OS,29.16,True
SKU000076,PROD0013,Coral,OS,19.02,True
SKU000077,PROD0013,Olive,OS,23.11,True
SKU000078,PROD0013,Aqua,OS,8.2,True
SKU000079,PROD0013,Charcoal,OS,12.7,True
SKU000080,PROD0013,Olive,OS,17.1,True
SKU000081,PROD0013,Black,OS,31.0,True
SKU000082,PROD0013,Sand,OS,15.58,True
SKU000083,PROD0013,Ocean Blue,OS,30.1,True
SKU000084,PROD0013,White,OS,21.73,True
SKU000085,PROD0014,Ocean Blue,S,47.47,True
SKU000086,PROD0014,Ocean Blue,M,46.92,True
SKU000087,PROD0014,Ocean Blue,M,40.55,True
SKU000088,PROD0014,Sunset,XS,47.72,True
SKU000089,PROD0014,Ocean Blue,XL,40.01,True
SKU000090,PROD0014,Teal,M,46.64,True
SKU000091,PROD0014,Aqua,M,34.51,True
SKU000092,PROD0014,Navy,XL,42.36,True
SKU000093,PROD0014,Charcoal,M,35.14,True
SKU000094,PROD0015,Black,L,214.81,True
SKU000095,PROD0015,Aqua,MS,176.2,True
SKU000096,PROD0015,Coral,MT,279.23,True
SKU000097,PROD0015,Navy,S,355.78,True
SKU000098,PROD0015,Ocean Blue,M,237.99,True
SKU000099,PROD0015,Sand,MS,324.13,True
SKU000100,PROD0016,Olive,M,345.05,True
SKU000101,PROD0017,Sunset,L,34.45,True
SKU000102,PROD0017,Ocean Blue,XL,53.52,True
SKU000103,PROD0017,Charcoal,L,49.17,True
SKU000104,PROD0017,Olive,S,26.84,True
SKU000105,PROD0017,White,XL,59.81,True
SKU000106,PROD0017,Sand,L,59.94,True
SKU000107,PROD0018,Teal,OS,34.84,True
SKU000108,PROD0018,Olive,OS,38.54,True
SKU000109,PROD0018,White,OS,27.36,True
SKU000110,PROD0018,Charcoal,OS,8.39,True
SKU000111,PROD0018,Olive,OS,35.24,True
SKU000112,PROD0018,Coral,OS,30.62,True
SKU000113,PROD0018,Sand,OS,36.66,True
SKU000114,PROD0018,Black,OS,35.2,True
SKU000115,PROD0018,Sand,OS,31.62,True
SKU000116,PROD0018,Teal,OS,33.27,True
SKU000117,PROD0018,Coral,OS,9.64,True
SKU000118,PROD0018,Navy,OS,14.1,True
SKU000119,PROD0019,Navy,5'10,500.22,True
SKU000120,PROD0019,Aqua,5'10,664.08,True
SKU000121,PROD0020,Aqua,6'2,820.49,True
SKU000122,PROD0020,Sunset,7'0,805.55,True
SKU000123,PROD0021,Teal,EU45,37.71,True
SKU000124,PROD0021,Navy,EU45,100.06,True
SKU000125,PROD0021,Coral,EU43,35.23,True
SKU000126,PROD0021,Teal,EU41,67.9,True
SKU000127,PROD0021,Navy,EU40,60.22,True
SKU000128,PROD0021,Sunset,EU45,44.17,True
SKU000129,PROD0021,White,EU45,89.27,True
SKU000130,PROD0021,Teal,EU39,91.77,True
SKU000131,PROD0021,Navy,EU44,70.01,True
SKU000132,PROD0021,Teal,EU40,70.33,True
SKU000133,PROD0022,White,EU45,84.03,True
SKU000134,PROD0022,Charcoal,EU45,63.8,True
SKU000135,PROD0022,Coral,EU45,96.53,True
SKU000136,PROD0022,Ocean Blue,EU44,87.99,True
SKU000137,PROD0022,Teal,EU41,90.62,True
SKU000138,PROD0022,Navy,EU42,36.49,True
SKU000139,PROD0022,Navy,EU41,65.94,True
SKU000140,PROD0022,Teal,EU44,67.69,True
SKU000141,PROD0022,Ocean Blue,EU40,63.92,True
SKU000142,PROD0022,Olive,EU43,82.77,True
SKU000143,PROD0023,Sunset,M,54.56,True
SKU000144,PROD0023,Ocean Blue,L,39.88,True
SKU000145,PROD0023,Olive,S,69.83,True
SKU000146,PROD0023,Navy,XXL,43.43,True
SKU000147,PROD0023,Olive,S,71.44,True
SKU000148,PROD0024,Sunset,EU43,65.73,True
SKU000149,PROD0024,Olive,EU42,59.19,True
SKU000150,PROD0024,Sunset,EU41,98.16,True
SKU000151,PROD0024,Charcoal,EU40,98.02,True
SKU000152,PROD0024,Teal,EU43,94.29,True
SKU000153,PROD0024,Sand,EU39,73.21,True
SKU000154,PROD0024,Charcoal,EU41,38.33,True
SKU000155,PROD0024,Navy,EU44,103.48,True
SKU000156,PROD0024,Sunset,EU41,52.29,True
SKU000157,PROD0024,Sunset,EU44,86.18,True
SKU000158,PROD0024,Sand,EU44,105.88,True
SKU000159,PROD0024,Olive,EU41,73.95,True
SKU000160,PROD0025,Charcoal,32,48.53,True
SKU000161,PROD0025,Black,36,41.05,True
SKU000162,PROD0025,Olive,30,65.39,True
SKU000163,PROD0025,Olive,34,58.27,True
SKU000164,PROD0025,White,30,56.57,True
SKU000165,PROD0025,Charcoal,34,46.48,True
SKU000166,PROD0025,Charcoal,38,48.8,True
SKU000167,PROD0025,White,30,40.37,True
SKU000168,PROD0025,Charcoal,38,60.26,True
SKU000169,PROD0025,Sunset,38,57.31,True
SKU000170,PROD0025,Teal,38,71.08,True
SKU000171,PROD0026,Sand,MS,391.4,True
SKU000172,PROD0026,Charcoal,M,213.38,True
SKU000173,PROD0026,Aqua,XL,332.54,True
SKU000174,PROD0026,Olive,MS,252.2,True
SKU000175,PROD0026,Sand,MT,143.69,True
SKU000176,PROD0027,Coral,S,31.09,True
SKU000177,PROD0027,Black,XS,29.04,True
SKU000178,PROD0027,Ocean Blue,S,36.39,True
SKU000179,PROD0027,Navy,XS,18.25,True
SKU000180,PROD0027,Black,XXL,18.26,True
SKU000181,PROD0027,Teal,XL,29.38,True
SKU000182,PROD0027,Olive,S,26.5,True
SKU000183,PROD0028,Aqua,L,32.84,True
SKU000184,PROD0028,Coral,XS,17.7,True
SKU000185,PROD0028,Charcoal,XXL,32.6,True
SKU000186,PROD0028,Aqua,M,24.95,True
SKU000187,PROD0028,Charcoal,S,37.87,True
SKU000188,PROD0028,Navy,XS,22.32,True
SKU000189,PROD0028,Ocean Blue,XS,34.98,True
SKU000190,PROD0028,Ocean Blue,XXL,33.65,True
SKU000191,PROD0028,Sunset,M,36.43,True
SKU000192,PROD0028,Charcoal,S,24.74,True
SKU000193,PROD0028,Aqua,S,18.89,True
SKU000194,PROD0028,Ocean Blue,XXL,17.62,True
SKU000195,PROD0029,White,XL,47.96,True
SKU000196,PROD0029,Teal,L,34.93,True
SKU000197,PROD0029,Ocean Blue,L,56.22,True
SKU000198,PROD0029,Black,XS,32.41,True
SKU000199,PROD0029,Aqua,L,45.53,True
SKU000200,PROD0030,Sunset,S,25.2,True
SKU000201,PROD0031,Olive,XL,54.93,True
SKU000202,PROD0031,Navy,XL,35.96,True
SKU000203,PROD0031,Charcoal,XS,39.14,True
SKU000204,PROD0031,Sand,M,38.58,True
SKU000205,PROD0031,White,XS,28.56,True
SKU000206,PROD0032,Ocean Blue,OS,47.02,True
SKU000207,PROD0032,Ocean Blue,OS,43.86,True
SKU000208,PROD0032,Teal,OS,37.78,True
SKU000209,PROD0033,Aqua,MS,138.26,True
SKU000210,PROD0033,Navy,XL,390.07,True
SKU000211,PROD0033,Sunset,S,187.31,True
SKU000212,PROD0033,Ocean Blue,XL,203.07,True
SKU000213,PROD0033,Coral,XL,122.09,True
SKU000214,PROD0033,Aqua,MT,246.37,True
SKU000215,PROD0033,Sunset,S,124.25,True
SKU000216,PROD0034,Teal,XL,20.15,True
SKU000217,PROD0035,Navy,XL,55.03,True
SKU000218,PROD0035,Black,XS,25.71,True
SKU000219,PROD0035,White,L,48.74,True
SKU000220,PROD0035,Sunset,M,51.41,True
SKU000221,PROD0035,Sand,XL,45.26,True
SKU000222,PROD0035,Black,XL,59.8,True
SKU000223,PROD0035,Charcoal,XS,31.36,True
SKU000224,PROD0035,Sand,XS,24.12,True
SKU000225,PROD0036,Black,OS,22.66,True
SKU000226,PROD0036,Ocean Blue,OS,34.82,True
SKU000227,PROD0037,Charcoal,OS,64.37,True
SKU000228,PROD0037,Olive,OS,23.7,True
SKU000229,PROD0037,Sand,OS,27.84,True
SKU000230,PROD0037,Sand,OS,43.97,True
SKU000231,PROD0037,Sunset,OS,28.49,True
SKU000232,PROD0037,Teal,OS,33.34,True
SKU000233,PROD0037,Coral,OS,55.5,True
SKU000234,PROD0038,Black,OS,34.46,True
SKU000235,PROD0038,Black,OS,37.98,True
SKU000236,PROD0038,Aqua,OS,18.44,True
SKU000237,PROD0038,Olive,OS,10.28,True
SKU000238,PROD0038,Charcoal,OS,26.9,True
SKU000239,PROD0038,Coral,OS,37.61,True
SKU000240,PROD0038,Olive,OS,35.29,True
SKU000241,PROD0038,Teal,OS,31.35,True
SKU000242,PROD0038,Black,OS,9.53,True
SKU000243,PROD0038,Sunset,OS,29.16,True
SKU000244,PROD0038,Sand,OS,12.16,True
SKU000245,PROD0038,Sand,OS,32.98,True
SKU000246,PROD0039,Olive,S,92.56,True
SKU000247,PROD0039,Sunset,XXL,70.8,True
SKU000248,PROD0039,Aqua,XXL,41.4,True
SKU000249,PROD0039,Sand,M,81.58,True
SKU000250,PROD0039,Black,XL,54.15,True
SKU000251,PROD0039,Aqua,XXL,54.9,True
SKU000252,PROD0039,Sand,L,59.07,True
SKU000253,PROD0039,Ocean Blue,XXL,78.42,True
SKU000254,PROD0039,White,L,89.0,True
SKU000255,PROD0039,White,L,79.41,True
SKU000256,PROD0039,Olive,S,52.47,True
SKU000257,PROD0039,Ocean Blue,XL,55.74,True
SKU000258,PROD0040,Olive,XL,24.22,True
SKU000259,PROD0041,White,XS,23.31,True
SKU000260,PROD0041,Ocean Blue,M,41.71,True
SKU000261,PROD0042,Black,XS,49.83,True
SKU000262,PROD0043,Sunset,28,40.48,True
SKU000263,PROD0044,Sand,XL,88.54,True
SKU000264,PROD0045,Sand,34,47.47,True
SKU000265,PROD0045,Aqua,30,55.38,True
SKU000266,PROD0045,Sand,38,82.1,True
SKU000267,PROD0045,Olive,28,73.22,True
SKU000268,PROD0045,Black,34,73.42,True
SKU000269,PROD0045,Olive,28,39.36,True
SKU000270,PROD0045,Ocean Blue,38,39.92,True
SKU000271,PROD0045,Navy,30,34.42,True
SKU000272,PROD0045,Black,30,79.08,True
SKU000273,PROD0046,White,EU42,91.26,True
SKU000274,PROD0046,Sand,EU39,61.34,True
SKU000275,PROD0046,Sand,EU41,62.87,True
SKU000276,PROD0046,Teal,EU42,83.45,True
SKU000277,PROD0046,Ocean Blue,EU40,35.93,True
SKU000278,PROD0046,Ocean Blue,EU44,45.36,True
SKU000279,PROD0046,Coral,EU43,55.1,True
SKU000280,PROD0046,Aqua,EU42,88.11,True
SKU000281,PROD0046,Charcoal,EU42,81.25,True
SKU000282,PROD0046,Charcoal,EU45,88.81,True
SKU000283,PROD0046,Teal,EU44,46.86,True
SKU000284,PROD0046,Charcoal,EU42,37.05,True
SKU000285,PROD0047,White,S,91.2,True
SKU000286,PROD0047,Olive,S,72.94,True
SKU000287,PROD0047,Sunset,XXL,57.94,True
SKU000288,PROD0047,Navy,S,53.16,True
SKU000289,PROD0047,White,M,62.01,True
SKU000290,PROD0047,Black,L,78.56,True
SKU000291,PROD0047,Charcoal,XXL,77.99,True
SKU000292,PROD0048,Navy,OS,44.59,True
SKU000293,PROD0048,Sand,OS,26.44,True
SKU000294,PROD0048,Ocean Blue,OS,42.25,True
SKU000295,PROD0048,White,OS,21.42,True
SKU000296,PROD0048,Ocean Blue,OS,20.67,True
SKU000297,PROD0048,Teal,OS,26.04,True
SKU000298,PROD0048,Teal,OS,37.44,True
SKU000299,PROD0049,Ocean Blue,MS,227.36,True
SKU000300,PROD0049,Aqua,MS,308.07,True
SKU000301,PROD0049,Black,MT,183.63,True
SKU000302,PROD0049,Black,M,178.94,True
SKU000303,PROD0049,Sand,M,219.36,True
SKU000304,PROD0049,Olive,MT,284.44,True
SKU000305,PROD0049,Olive,MT,125.86,True
SKU000306,PROD0049,Teal,XL,123.17,True
SKU000307,PROD0050,Coral,OS,32.6,True
SKU000308,PROD0050,Coral,OS,20.14,True
SKU000309,PROD0050,Aqua,OS,34.14,True
SKU000310,PROD0051,Sunset,S,144.18,True
SKU000311,PROD0051,White,S,148.74,True
SKU000312,PROD0051,Ocean Blue,M,257.31,True
SKU000313,PROD0051,Olive,S,386.43,True
SKU000314,PROD0051,Coral,MS,250.77,True
SKU000315,PROD0051,Sand,L,415.74,True
SKU000316,PROD0051,Navy,L,305.66,True
SKU000317,PROD0051,Sunset,S,296.09,True
SKU000318,PROD0051,Aqua,XL,286.49,True
SKU000319,PROD0051,Ocean Blue,S,184.6,True
SKU000320,PROD0051,Ocean Blue,S,148.1,True
SKU000321,PROD0052,Sand,EU45,84.68,True
SKU000322,PROD0052,Coral,EU44,102.32,True
SKU000323,PROD0052,White,EU41,105.16,True
SKU000324,PROD0052,Teal,EU44,103.66,True
SKU000325,PROD0052,Aqua,EU44,88.99,True
SKU000326,PROD0052,Coral,EU44,40.6,True
SKU000327,PROD0052,Black,EU39,78.77,True
SKU000328,PROD0052,Ocean Blue,EU39,57.03,True
SKU000329,PROD0052,White,EU40,39.14,True
SKU000330,PROD0053,Teal,OS,35.4,True
SKU000331,PROD0053,Black,OS,39.05,True
SKU000332,PROD0053,Coral,OS,9.6,True
SKU000333,PROD0053,Coral,OS,26.58,True
SKU000334,PROD0053,Sunset,OS,8.79,True
SKU000335,PROD0053,Black,OS,35.54,True
SKU000336,PROD0053,Teal,OS,27.77,True
SKU000337,PROD0053,Charcoal,OS,21.79,True
SKU000338,PROD0054,Coral,8'0,943.96,True
SKU000339,PROD0054,Navy,8'0,669.88,True
SKU000340,PROD0054,Sand,5'10,630.14,True
SKU000341,PROD0054,Coral,7'0,591.78,True
SKU000342,PROD0054,Teal,7'0,925.38,True
SKU000343,PROD0054,Sand,7'0,812.71,True
SKU000344,PROD0054,Charcoal,6'0,533.93,True
SKU000345,PROD0054,Sunset,5'10,747.4,True
SKU000346,PROD0054,Charcoal,6'6,771.68,True
SKU000347,PROD0054,Navy,6'6,721.41,True
SKU000348,PROD0054,Olive,7'0,684.68,True
SKU000349,PROD0054,Navy,7'0,419.25,True
SKU000350,PROD0055,Charcoal,S,46.63,True
SKU000351,PROD0055,Sand,L,68.37,True
SKU000352,PROD0055,Black,S,77.65,True
SKU000353,PROD0055,Sand,L,55.81,True
SKU000354,PROD0056,Charcoal,OS,32.32,True
SKU000355,PROD0056,Teal,OS,28.45,True
SKU000356,PROD0056,Sand,OS,26.92,True
SKU000357,PROD0056,Ocean Blue,OS,37.27,True
SKU000358,PROD0057,Teal,L,19.5,True
SKU000359,PROD0057,Ocean Blue,M,18.12,True
SKU000360,PROD0057,Olive,M,22.1,True
SKU000361,PROD0058,Olive,OS,33.18,True
SKU000362,PROD0058,Teal,OS,39.3,True
SKU000363,PROD0058,Coral,OS,17.25,True
SKU000364,PROD0058,Sunset,OS,17.26,True
SKU000365,PROD0059,Coral,EU44,47.67,True
SKU000366,PROD0059,White,EU42,84.03,True
SKU000367,PROD0059,White,EU43,45.84,True
SKU000368,PROD0059,Sand,EU45,105.97,True
SKU000369,PROD0059,Teal,EU41,58.52,True
SKU000370,PROD0059,Aqua,EU43,49.18,True
SKU000371,PROD0059,Olive,EU40,44.89,True
SKU000372,PROD0059,Ocean Blue,EU42,85.35,True
SKU000373,PROD0059,Aqua,EU40,53.92,True
SKU000374,PROD0060,Coral,S,22.62,True
SKU000375,PROD0060,Black,XL,25.85,True
SKU000376,PROD0060,Ocean Blue,XS,18.17,True
SKU000377,PROD0060,Navy,XS,16.33,True
SKU000378,PROD0060,Navy,L,37.64,True
SKU000379,PROD0060,White,XL,19.87,True
SKU000380,PROD0060,Sunset,XL,22.33,True
SKU000381,PROD0060,Charcoal,XXL,36.02,True
SKU000382,PROD0061,Charcoal,S,68.9,True
SKU000383,PROD0061,Charcoal,S,92.26,True
SKU000384,PROD0061,Ocean Blue,S,61.24,True
SKU000385,PROD0061,Olive,S,59.64,True
SKU000386,PROD0061,Sunset,XXL,93.44,True
SKU000387,PROD0061,Charcoal,L,41.78,True
SKU000388,PROD0062,Charcoal,MT,411.67,True
SKU000389,PROD0062,Olive,MT,316.39,True
SKU000390,PROD0062,Black,L,150.05,True
SKU000391,PROD0062,Navy,MS,347.56,True
SKU000392,PROD0062,Charcoal,S,343.38,True
SKU000393,PROD0062,Olive,S,390.25,True
SKU000394,PROD0062,Navy,MT,128.04,True
SKU000395,PROD0062,Ocean Blue,MS,231.77,True
SKU000396,PROD0062,Ocean Blue,S,378.22,True
SKU000397,PROD0063,Navy,7'0,448.65,True
SKU000398,PROD0063,White,6'0,439.59,True
SKU000399,PROD0063,Black,8'0,734.41,True
SKU000400,PROD0064,Sand,OS,8.68,True
SKU000401,PROD0064,Sand,OS,9.27,True
SKU000402,PROD0064,Charcoal,OS,31.4,True
SKU000403,PROD0064,Sand,OS,26.1,True
SKU000404,PROD0064,Charcoal,OS,27.62,True
SKU000405,PROD0065,Olive,XS,26.05,True
SKU000406,PROD0066,Charcoal,OS,62.59,True
SKU000407,PROD0066,Charcoal,OS,26.37,True
SKU000408,PROD0067,Navy,L,76.84,True
SKU000409,PROD0067,Teal,XXL,35.52,True
SKU000410,PROD0067,White,S,77.59,True
SKU000411,PROD0067,Navy,XXL,68.71,True
SKU000412,PROD0067,Sand,XL,47.87,True
SKU000413,PROD0067,White,S,60.46,True
SKU000414,PROD0067,Ocean Blue,S,42.75,True
SKU000415,PROD0068,Teal,OS,10.04,True
SKU000416,PROD0068,Sunset,OS,30.93,True
SKU000417,PROD0068,Aqua,OS,36.37,True
SKU000418,PROD0068,Sand,OS,22.23,True
SKU000419,PROD0068,White,OS,32.76,True
SKU000420,PROD0068,Coral,OS,30.8,True
SKU000421,PROD0068,Sunset,OS,30.15,True
SKU000422,PROD0068,Olive,OS,29.03,True
SKU000423,PROD0068,Sunset,OS,38.83,True
SKU000424,PROD0068,White,OS,33.5,True
SKU000425,PROD0069,Navy,OS,40.3,True
SKU000426,PROD0069,Sand,OS,24.94,True
SKU000427,PROD0069,Black,OS,36.83,True
SKU000428,PROD0069,Aqua,OS,29.13,True
SKU000429,PROD0069,Ocean Blue,OS,19.33,True
SKU000430,PROD0069,Sunset,OS,30.08,True
SKU000431,PROD0069,Teal,OS,69.67,True
SKU000432,PROD0069,Charcoal,OS,39.25,True
SKU000433,PROD0069,Black,OS,42.05,True
SKU000434,PROD0069,White,OS,57.32,True
SKU000435,PROD0069,Teal,OS,49.79,True
SKU000436,PROD0070,Olive,28,66.09,True
SKU000437,PROD0070,Navy,34,45.08,True
SKU000438,PROD0070,Black,38,47.66,True
SKU000439,PROD0070,White,28,82.81,True
SKU000440,PROD0070,Sunset,32,76.47,True
SKU000441,PROD0070,Navy,36,45.63,True
SKU000442,PROD0070,Charcoal,36,52.12,True
SKU000443,PROD0070,Coral,28,53.45,True
SKU000444,PROD0070,Sand,28,38.21,True
SKU000445,PROD0070,Ocean Blue,34,82.91,True
SKU000446,PROD0071,Teal,OS,32.02,True
SKU000447,PROD0071,Navy,OS,6.3,True
SKU000448,PROD0071,Charcoal,OS,28.42,True
SKU000449,PROD0071,Ocean Blue,OS,31.2,True
SKU000450,PROD0071,Olive,OS,35.42,True
SKU000451,PROD0071,Olive,OS,35.45,True
SKU000452,PROD0071,Aqua,OS,16.74,True
SKU000453,PROD0071,Ocean Blue,OS,32.48,True
SKU000454,PROD0071,Ocean Blue,OS,35.93,True
SKU000455,PROD0072,Black,XXL,26.54,True
SKU000456,PROD0072,Black,S,36.16,True
SKU000457,PROD0072,Aqua,XL,21.25,True
SKU000458,PROD0072,Charcoal,L,23.36,True
SKU000459,PROD0072,Ocean Blue,XL,26.65,True
SKU000460,PROD0072,Ocean Blue,S,34.28,True
SKU000461,PROD0072,Black,XXL,24.44,True
SKU000462,PROD0072,Navy,XL,19.5,True
SKU000463,PROD0072,Navy,XL,35.31,True
SKU000464,PROD0072,Ocean Blue,L,37.11,True
SKU000465,PROD0073,Olive,38,38.35,True
SKU000466,PROD0073,Black,38,32.03,True
SKU000467,PROD0073,Aqua,30,78.3,True
SKU000468,PROD0073,Aqua,32,52.44,True
SKU000469,PROD0073,Black,32,71.24,True
SKU000470,PROD0073,White,32,76.44,True
SKU000471,PROD0073,Sand,36,68.92,True
SKU000472,PROD0073,Olive,30,32.48,True
SKU000473,PROD0074,Coral,XL,308.0,True
SKU000474,PROD0074,Charcoal,XL,357.76,True
SKU000475,PROD0074,Sand,MS,285.48,True
SKU000476,PROD0074,Charcoal,S,243.77,True
SKU000477,PROD0074,Coral,S,331.5,True
SKU000478,PROD0074,Coral,MT,285.76,True
SKU000479,PROD0074,Olive,MT,287.67,True
SKU000480,PROD0074,Ocean Blue,M,134.13,True
SKU000481,PROD0074,Charcoal,L,157.12,True
SKU000482,PROD0074,Sunset,S,211.85,True
SKU000483,PROD0074,Aqua,MS,142.77,True
SKU000484,PROD0074,Sunset,S,122.33,True
SKU000485,PROD0075,Ocean Blue,EU42,53.92,True
SKU000486,PROD0075,Navy,EU44,53.43,True
SKU000487,PROD0076,Aqua,OS,21.55,True
SKU000488,PROD0076,Sand,OS,8.67,True
SKU000489,PROD0076,Coral,OS,35.5,True
SKU000490,PROD0076,Aqua,OS,23.36,True
SKU000491,PROD0076,Navy,OS,16.25,True
SKU000492,PROD0076,Sunset,OS,39.22,True
SKU000493,PROD0076,Sunset,OS,28.34,True
SKU000494,PROD0076,Navy,OS,14.04,True
SKU000495,PROD0076,Ocean Blue,OS,28.12,True
SKU000496,PROD0076,Charcoal,OS,16.64,True
SKU000497,PROD0076,Coral,OS,9.8,True
SKU000498,PROD0077,Black,36,74.76,True
SKU000499,PROD0077,White,32,77.08,True
SKU000500,PROD0077,Aqua,34,63.08,True
SKU000501,PROD0077,Olive,32,60.92,True
SKU000502,PROD0077,Black,36,38.37,True
SKU000503,PROD0077,Sand,36,60.97,True
SKU000504,PROD0077,Sunset,36,57.2,True
SKU000505,PROD0077,Sunset,30,31.23,True
SKU000506,PROD0078,Olive,8'0,381.59,True
SKU000507,PROD0078,Ocean Blue,8'0,898.05,True
SKU000508,PROD0078,Sand,6'6,719.45,True
SKU000509,PROD0078,Teal,8'0,613.27,True
SKU000510,PROD0078,Charcoal,8'0,395.25,True
SKU000511,PROD0078,Navy,6'6,865.09,True
SKU000512,PROD0078,Charcoal,6'2,390.83,True
SKU000513,PROD0078,Sand,7'0,819.7,True
SKU000514,PROD0078,Aqua,5'10,880.61,True
SKU000515,PROD0078,White,5'10,786.17,True
SKU000516,PROD0078,White,6'6,592.09,True
SKU000517,PROD0078,Teal,6'6,361.49,True
SKU000518,PROD0079,White,6'6,433.82,True
SKU000519,PROD0079,Ocean Blue,6'0,693.78,True
SKU000520,PROD0079,Charcoal,6'2,580.95,True
SKU000521,PROD0079,White,6'2,359.48,True
SKU000522,PROD0079,Sunset,6'0,615.81,True
SKU000523,PROD0079,Charcoal,6'0,850.65,True
SKU000524,PROD0079,Sunset,6'2,710.58,True
SKU000525,PROD0080,Olive,M,22.06,True
SKU000526,PROD0081,Olive,L,28.99,True
SKU000527,PROD0081,Sand,XL,28.45,True
SKU000528,PROD0081,Sunset,S,21.67,True
SKU000529,PROD0081,Navy,XL,20.31,True
SKU000530,PROD0081,Charcoal,L,29.11,True
SKU000531,PROD0081,Ocean Blue,XXL,19.51,True
SKU000532,PROD0081,White,S,22.12,True
SKU000533,PROD0081,Ocean Blue,L,30.33,True
SKU000534,PROD0081,Ocean Blue,S,28.06,True
SKU000535,PROD0081,Black,S,18.24,True
SKU000536,PROD0082,Black,L,84.56,True
SKU000537,PROD0082,White,M,79.03,True
SKU000538,PROD0082,Coral,XXL,51.6,True
SKU000539,PROD0082,Navy,XL,84.74,True
SKU000540,PROD0082,Sand,XXL,41.04,True
SKU000541,PROD0082,Sunset,S,49.77,True
SKU000542,PROD0082,Sunset,S,52.27,True
SKU000543,PROD0082,Coral,XL,87.75,True
SKU000544,PROD0083,Olive,OS,22.89,True
SKU000545,PROD0083,Sunset,OS,8.52,True
SKU000546,PROD0083,Ocean Blue,OS,13.48,True
SKU000547,PROD0083,Sand,OS,36.87,True
SKU000548,PROD0083,Coral,OS,23.22,True
SKU000549,PROD0083,Teal,OS,27.76,True
SKU000550,PROD0083,Sunset,OS,36.26,True
SKU000551,PROD0083,Olive,OS,36.82,True
SKU000552,PROD0083,Sunset,OS,11.56,True
SKU000553,PROD0083,Charcoal,OS,34.16,True
SKU000554,PROD0084,Black,S,47.5,True
SKU000555,PROD0084,Teal,XXL,66.57,True
SKU000556,PROD0084,Sand,L,36.71,True
SKU000557,PROD0084,Aqua,S,44.06,True
SKU000558,PROD0084,Black,XXL,47.54,True
SKU000559,PROD0084,Navy,M,55.28,True
SKU000560,PROD0084,Olive,L,47.67,True
SKU000561,PROD0084,Teal,XL,79.48,True
SKU000562,PROD0084,Sand,L,80.11,True
SKU000563,PROD0084,Teal,L,37.16,True
SKU000564,PROD0085,Olive,MT,345.65,True
SKU000565,PROD0085,Aqua,MS,255.93,True
SKU000566,PROD0085,White,MS,188.79,True
SKU000567,PROD0085,Olive,MS,224.15,True
SKU000568,PROD0085,Teal,MS,181.91,True
SKU000569,PROD0085,Teal,M,166.54,True
SKU000570,PROD0085,Ocean Blue,MT,246.11,True
SKU000571,PROD0085,Teal,S,350.04,True
SKU000572,PROD0086,Sunset,OS,28.7,True
SKU000573,PROD0086,Ocean Blue,OS,19.6,True
SKU000574,PROD0086,Coral,OS,33.86,True
SKU000575,PROD0086,Sand,OS,12.23,True
SKU000576,PROD0086,Sand,OS,16.78,True
SKU000577,PROD0086,Sand,OS,30.92,True
SKU000578,PROD0086,Aqua,OS,27.0,True
SKU000579,PROD0086,Olive,OS,12.15,True
SKU000580,PROD0086,Black,OS,34.01,True
SKU000581,PROD0086,Teal,OS,6.24,True
SKU000582,PROD0086,Black,OS,23.28,True
SKU000583,PROD0087,White,XXL,48.03,True
SKU000584,PROD0087,Aqua,S,49.41,True
SKU000585,PROD0087,Teal,M,60.01,True
SKU000586,PROD0087,Olive,S,92.6,True
SKU000587,PROD0087,Olive,M,81.53,True
SKU000588,PROD0087,Navy,L,49.31,True
SKU000589,PROD0087,Navy,M,58.27,True
SKU000590,PROD0087,Ocean Blue,XXL,92.66,True
SKU000591,PROD0087,Coral,S,51.3,True
SKU000592,PROD0087,Olive,M,49.35,True
SKU000593,PROD0087,Black,M,70.76,True
SKU000594,PROD0087,Black,S,48.66,True
SKU000595,PROD0088,Charcoal,S,325.31,True
SKU000596,PROD0088,Aqua,MS,356.77,True
SKU000597,PROD0088,Teal,L,148.46,True
SKU000598,PROD0089,Ocean Blue,6'6,944.61,True
SKU000599,PROD0089,Sand,7'0,894.51,True
SKU000600,PROD0089,Sand,6'6,592.96,True
SKU000601,PROD0089,White,8'0,937.23,True
SKU000602,PROD0089,Olive,5'10,573.12,True
SKU000603,PROD0089,White,7'0,761.42,True
SKU000604,PROD0089,Olive,8'0,653.58,True
SKU000605,PROD0089,Navy,8'0,382.34,True
SKU000606,PROD0089,Teal,6'0,920.71,True
SKU000607,PROD0089,Charcoal,6'0,376.01,True
SKU000608,PROD0089,Aqua,7'0,457.9,True
SKU000609,PROD0089,Coral,5'10,628.02,True
SKU000610,PROD0090,Teal,OS,25.68,True
SKU000611,PROD0090,Black,OS,18.42,True
SKU000612,PROD0090,Navy,OS,38.52,True
SKU000613,PROD0090,Black,OS,39.93,True
SKU000614,PROD0090,Ocean Blue,OS,31.1,True
SKU000615,PROD0090,Sand,OS,17.01,True
SKU000616,PROD0090,Coral,OS,19.43,True
SKU000617,PROD0090,White,OS,44.02,True
SKU000618,PROD0090,Aqua,OS,41.53,True
SKU000619,PROD0090,White,OS,27.95,True
SKU000620,PROD0090,Navy,OS,30.38,True
SKU000621,PROD0090,Coral,OS,35.63,True
SKU000622,PROD0091,Ocean Blue,MS,210.75,True
SKU000623,PROD0091,Sunset,MS,394.97,True
SKU000624,PROD0091,Olive,L,284.07,True
SKU000625,PROD0091,Olive,S,352.92,True
SKU000626,PROD0091,Aqua,MT,374.68,True
SKU000627,PROD0091,Sunset,L,370.77,True
SKU000628,PROD0091,Navy,XL,350.2,True
SKU000629,PROD0091,Sunset,S,196.06,True
SKU000630,PROD0091,Olive,MS,403.49,True
SKU000631,PROD0092,Charcoal,OS,19.42,True
SKU000632,PROD0092,Teal,OS,17.15,True
SKU000633,PROD0092,Aqua,OS,35.38,True
SKU000634,PROD0092,Charcoal,OS,37.51,True
SKU000635,PROD0092,Ocean Blue,OS,38.26,True
SKU000636,PROD0092,Teal,OS,17.94,True
SKU000637,PROD0092,Charcoal,OS,29.78,True
SKU000638,PROD0092,Navy,OS,16.11,True
SKU000639,PROD0092,Navy,OS,44.1,True
SKU000640,PROD0092,White,OS,34.82,True
SKU000641,PROD0092,Sand,OS,42.09,True
SKU000642,PROD0093,White,EU41,41.81,True
SKU000643,PROD0093,Aqua,EU44,35.94,True
SKU000644,PROD0093,Charcoal,EU39,86.1,True
SKU000645,PROD0093,Coral,EU40,85.05,True
SKU000646,PROD0093,Charcoal,EU42,96.41,True
SKU000647,PROD0093,Coral,EU45,105.64,True
SKU000648,PROD0093,Charcoal,EU39,82.8,True
SKU000649,PROD0093,Coral,EU40,104.58,True
SKU000650,PROD0093,Sand,EU45,59.06,True
SKU000651,PROD0093,White,EU43,50.87,True
SKU000652,PROD0093,Charcoal,EU41,99.48,True
SKU000653,PROD0093,Teal,EU43,52.41,True
SKU000654,PROD0094,Teal,M,46.59,True
SKU000655,PROD0094,Ocean Blue,M,49.6,True
SKU000656,PROD0094,Ocean Blue,M,92.06,True
SKU000657,PROD0094,Teal,S,43.74,True
SKU000658,PROD0094,Navy,L,48.38,True
SKU000659,PROD0094,Coral,S,78.64,True
SKU000660,PROD0094,Sand,XL,64.11,True
SKU000661,PROD0094,Coral,XL,42.78,True
SKU000662,PROD0095,Black,OS,24.23,True
SKU000663,PROD0095,Teal,OS,16.62,True
SKU000664,PROD0095,White,OS,21.28,True
SKU000665,PROD0095,Black,OS,35.89,True
SKU000666,PROD0095,Aqua,OS,42.07,True
SKU000667,PROD0095,Charcoal,OS,37.38,True
SKU000668,PROD0096,Olive,MS,417.99,True
SKU000669,PROD0096,Ocean Blue,XL,133.92,True
SKU000670,PROD0096,Charcoal,L,189.95,True
SKU000671,PROD0096,Coral,M,226.27,True
SKU000672,PROD0096,Black,S,211.85,True
SKU000673,PROD0096,Charcoal,MS,268.06,True
SKU000674,PROD0096,Black,S,313.13,True
SKU000675,PROD0096,Aqua,M,217.99,True
SKU000676,PROD0096,Teal,L,377.6,True
SKU000677,PROD0097,Olive,XL,265.35,True
SKU000678,PROD0097,White,XL,190.37,True
SKU000679,PROD0097,Olive,L,206.42,True
SKU000680,PROD0097,White,MS,405.76,True
SKU000681,PROD0097,White,XL,298.36,True
SKU000682,PROD0097,Teal,MT,373.04,True
SKU000683,PROD0097,Charcoal,MS,164.0,True
SKU000684,PROD0097,Aqua,S,397.93,True
SKU000685,PROD0098,Olive,32,52.38,True
SKU000686,PROD0098,Ocean Blue,32,70.36,True
SKU000687,PROD0099,Sunset,XXL,34.26,True
SKU000688,PROD0099,White,XXL,20.17,True
SKU000689,PROD0099,Aqua,M,27.41,True
SKU000690,PROD0099,Black,XL,28.7,True
SKU000691,PROD0099,Ocean Blue,XS,23.05,True
SKU000692,PROD0099,Ocean Blue,XL,18.16,True
SKU000693,PROD0099,Black,XL,27.87,True
SKU000694,PROD0099,Olive,L,36.06,True
SKU000695,PROD0099,Charcoal,XL,27.91,True
SKU000696,PROD0099,Black,XXL,32.31,True
SKU000697,PROD0099,White,M,30.89,True
SKU000698,PROD0100,Sunset,OS,52.19,True
SKU000699,PROD0100,Sand,OS,49.83,True
SKU000700,PROD0101,White,L,16.69,True
SKU000701,PROD0101,Sand,L,19.34,True
SKU000702,PROD0101,Navy,XXL,18.51,True
SKU000703,PROD0102,Navy,36,52.0,True
SKU000704,PROD0102,Coral,32,47.27,True
SKU000705,PROD0103,Sand,OS,19.19,True
SKU000706,PROD0103,Aqua,OS,23.94,True
SKU000707,PROD0103,Teal,OS,40.2,True
SKU000708,PROD0103,Teal,OS,18.52,True
SKU000709,PROD0103,Coral,OS,41.96,True
SKU000710,PROD0103,Navy,OS,23.87,True
SKU000711,PROD0104,Aqua,XL,58.94,True
SKU000712,PROD0104,Black,M,26.46,True
SKU000713,PROD0104,Coral,XL,48.0,True
SKU000714,PROD0104,Charcoal,L,49.03,True
SKU000715,PROD0104,Teal,XL,37.18,True
SKU000716,PROD0104,Olive,XS,24.74,True
SKU000717,PROD0104,Ocean Blue,XS,46.22,True
SKU000718,PROD0104,Navy,L,26.97,True
SKU000719,PROD0104,Navy,M,34.07,True
SKU000720,PROD0104,Ocean Blue,XL,37.85,True
SKU000721,PROD0104,Navy,M,53.6,True
SKU000722,PROD0105,Ocean Blue,OS,26.64,True
SKU000723,PROD0105,Sunset,OS,26.89,True
SKU000724,PROD0105,Teal,OS,28.59,True
SKU000725,PROD0105,Teal,OS,56.75,True
SKU000726,PROD0105,White,OS,36.12,True
SKU000727,PROD0105,White,OS,38.9,True
SKU000728,PROD0105,Coral,OS,39.61,True
SKU000729,PROD0105,Sand,OS,44.44,True
SKU000730,PROD0105,Teal,OS,25.31,True
SKU000731,PROD0105,Olive,OS,65.53,True
SKU000732,PROD0106,Black,S,27.73,True
SKU000733,PROD0106,Coral,S,36.12,True
SKU000734,PROD0106,Charcoal,XXL,33.3,True
SKU000735,PROD0106,Aqua,XS,28.73,True
SKU000736,PROD0106,Ocean Blue,XS,28.17,True
SKU000737,PROD0106,Ocean Blue,L,35.19,True
SKU000738,PROD0107,Coral,OS,36.08,True
SKU000739,PROD0107,Olive,OS,21.01,True
SKU000740,PROD0107,Charcoal,OS,31.01,True
SKU000741,PROD0107,Black,OS,7.59,True
SKU000742,PROD0107,Ocean Blue,OS,39.11,True
SKU000743,PROD0107,Ocean Blue,OS,36.06,True
SKU000744,PROD0107,Aqua,OS,30.52,True
SKU000745,PROD0107,Aqua,OS,31.22,True
SKU000746,PROD0107,Teal,OS,33.46,True
SKU000747,PROD0107,Sand,OS,24.55,True
SKU000748,PROD0107,Coral,OS,37.73,True
SKU000749,PROD0107,White,OS,6.94,True
SKU000750,PROD0108,White,EU45,107.37,True
SKU000751,PROD0108,Sand,EU39,57.49,True
SKU000752,PROD0109,Sand,MT,256.77,True
SKU000753,PROD0109,Navy,XL,314.04,True
SKU000754,PROD0109,Black,MS,265.75,True
SKU000755,PROD0109,Teal,M,334.25,True
SKU000756,PROD0109,Teal,M,318.93,True
SKU000757,PROD0109,Coral,M,217.19,True
SKU000758,PROD0109,Olive,S,364.24,True
SKU000759,PROD0109,Navy,M,266.83,True
SKU000760,PROD0109,Coral,XL,333.48,True
SKU000761,PROD0109,White,M,227.43,True
SKU000762,PROD0110,Teal,5'10,424.07,True
SKU000763,PROD0110,Coral,6'6,359.07,True
SKU000764,PROD0110,Ocean Blue,7'0,860.31,True
SKU000765,PROD0110,Coral,8'0,830.47,True
SKU000766,PROD0110,Sunset,6'6,801.98,True
SKU000767,PROD0110,Sunset,6'6,702.99,True
SKU000768,PROD0110,Sand,6'2,551.9,True
SKU000769,PROD0110,Sunset,7'0,850.77,True
SKU000770,PROD0110,Charcoal,8'0,910.09,True
SKU000771,PROD0110,Sand,8'0,668.34,True
SKU000772,PROD0111,Charcoal,OS,40.86,True
SKU000773,PROD0111,Ocean Blue,OS,53.84,True
SKU000774,PROD0111,White,OS,57.32,True
SKU000775,PROD0111,Sunset,OS,43.97,True
SKU000776,PROD0111,Charcoal,OS,28.04,True
SKU000777,PROD0111,Sand,OS,63.7,True
SKU000778,PROD0111,Ocean Blue,OS,55.9,True
SKU000779,PROD0111,Aqua,OS,24.97,True
SKU000780,PROD0112,Coral,L,40.13,True
SKU000781,PROD0113,Olive,XS,20.3,True
SKU000782,PROD0113,Sunset,XXL,34.46,True
SKU000783,PROD0113,Olive,XS,20.46,True
SKU000784,PROD0113,White,L,33.85,True
SKU000785,PROD0113,Olive,XS,25.75,True
SKU000786,PROD0113,Charcoal,XXL,34.26,True
SKU000787,PROD0113,Olive,XS,30.67,True
SKU000788,PROD0113,Black,S,21.13,True
SKU000789,PROD0113,Teal,M,30.95,True
SKU000790,PROD0114,Navy,XXL,20.82,True
SKU000791,PROD0114,Ocean Blue,XS,27.95,True
SKU000792,PROD0114,Black,M,31.67,True
SKU000793,PROD0114,White,L,19.87,True
SKU000794,PROD0114,Black,L,32.54,True
SKU000795,PROD0114,Coral,S,18.46,True
SKU000796,PROD0114,Sunset,XXL,26.39,True
SKU000797,PROD0114,Charcoal,S,28.24,True
SKU000798,PROD0114,Teal,L,37.0,True
SKU000799,PROD0115,Navy,28,75.98,True
SKU000800,PROD0115,Ocean Blue,38,42.41,True
SKU000801,PROD0115,Sand,36,34.27,True
SKU000802,PROD0115,Charcoal,36,65.14,True
SKU000803,PROD0115,Black,34,35.44,True
SKU000804,PROD0115,Charcoal,32,43.68,True
SKU000805,PROD0115,Teal,28,75.2,True
SKU000806,PROD0115,White,28,51.83,True
SKU000807,PROD0115,Sand,30,83.38,True
SKU000808,PROD0115,Olive,28,54.84,True
SKU000809,PROD0115,Sunset,30,82.32,True
SKU000810,PROD0115,Aqua,28,78.89,True
SKU000811,PROD0116,Charcoal,6'2,468.89,True
SKU000812,PROD0116,Coral,6'2,854.87,True
SKU000813,PROD0116,Coral,6'0,648.58,True
SKU000814,PROD0116,Teal,8'0,721.07,True
SKU000815,PROD0116,White,6'0,765.96,True
SKU000816,PROD0116,Olive,6'2,693.46,True
SKU000817,PROD0116,Aqua,6'2,689.21,True
SKU000818,PROD0116,Sunset,6'0,925.9,True
SKU000819,PROD0116,Black,6'0,722.73,True
SKU000820,PROD0117,Coral,S,59.91,True
SKU000821,PROD0117,White,S,57.27,True
SKU000822,PROD0117,Sand,L,31.39,True
SKU000823,PROD0118,Sunset,M,49.79,True
SKU000824,PROD0118,Charcoal,XS,55.45,True
SKU000825,PROD0118,Black,S,40.31,True
SKU000826,PROD0119,White,M,30.77,True
SKU000827,PROD0120,Navy,OS,26.26,True
SKU000828,PROD0120,Ocean Blue,OS,19.39,True
SKU000829,PROD0120,Olive,OS,34.43,True
SKU000830,PROD0120,Aqua,OS,31.42,True
SKU000831,PROD0120,Olive,OS,36.78,True
SKU000832,PROD0120,Charcoal,OS,30.87,True
SKU000833,PROD0120,White,OS,22.85,True
SKU000834,PROD0120,Teal,OS,20.18,True
SKU000835,PROD0120,Olive,OS,25.01,True
SKU000836,PROD0120,White,OS,26.54,True
